{
    "name": "root",
    "gauges": {
        "FightAgent.Policy.Entropy.mean": {
            "value": 3.6375739574432373,
            "min": 3.462831974029541,
            "max": 4.256166934967041,
            "count": 676
        },
        "FightAgent.Policy.Entropy.sum": {
            "value": 36317.5390625,
            "min": 31828.4765625,
            "max": 49026.75,
            "count": 676
        },
        "FightAgent.Environment.EpisodeLength.mean": {
            "value": 46.04932735426009,
            "min": 29.202416918429,
            "max": 199.24489795918367,
            "count": 676
        },
        "FightAgent.Environment.EpisodeLength.sum": {
            "value": 10269.0,
            "min": 5538.0,
            "max": 12712.0,
            "count": 676
        },
        "FightAgent.Step.mean": {
            "value": 9149946.0,
            "min": 2399999.0,
            "max": 9149946.0,
            "count": 676
        },
        "FightAgent.Step.sum": {
            "value": 9149946.0,
            "min": 2399999.0,
            "max": 9149946.0,
            "count": 676
        },
        "FightAgent.Policy.ExtrinsicValueEstimate.mean": {
            "value": -13.701776504516602,
            "min": -28.966997146606445,
            "max": -11.771988868713379,
            "count": 676
        },
        "FightAgent.Policy.ExtrinsicValueEstimate.sum": {
            "value": -3069.197998046875,
            "min": -4425.7392578125,
            "max": -2526.9853515625,
            "count": 676
        },
        "FightAgent.Environment.CumulativeReward.mean": {
            "value": -23.371628003896667,
            "min": -101.47083341826995,
            "max": -15.046200642288637,
            "count": 676
        },
        "FightAgent.Environment.CumulativeReward.sum": {
            "value": -5024.900020837784,
            "min": -5900.09999114275,
            "max": -2819.4999937415123,
            "count": 676
        },
        "FightAgent.Policy.ExtrinsicReward.mean": {
            "value": -23.371628003896667,
            "min": -101.47083341826995,
            "max": -15.046200642288637,
            "count": 676
        },
        "FightAgent.Policy.ExtrinsicReward.sum": {
            "value": -5024.900020837784,
            "min": -5900.09999114275,
            "max": -2819.4999937415123,
            "count": 676
        },
        "FightAgent.IsTraining.mean": {
            "value": 1.0,
            "min": 1.0,
            "max": 1.0,
            "count": 676
        },
        "FightAgent.IsTraining.sum": {
            "value": 1.0,
            "min": 1.0,
            "max": 1.0,
            "count": 676
        },
        "FightAgent.Losses.PolicyLoss.mean": {
            "value": 0.01599801893811673,
            "min": 0.011711095187347382,
            "max": 0.021703834898071362,
            "count": 329
        },
        "FightAgent.Losses.PolicyLoss.sum": {
            "value": 0.01599801893811673,
            "min": 0.011711095187347382,
            "max": 0.021703834898071362,
            "count": 329
        },
        "FightAgent.Losses.ValueLoss.mean": {
            "value": 32.587210426330564,
            "min": 27.00556713104248,
            "max": 61.113553009033204,
            "count": 329
        },
        "FightAgent.Losses.ValueLoss.sum": {
            "value": 32.587210426330564,
            "min": 27.00556713104248,
            "max": 61.113553009033204,
            "count": 329
        },
        "FightAgent.Policy.LearningRate.mean": {
            "value": 0.0002994510397829868,
            "min": 0.0002994510397829868,
            "max": 0.0002998551995882668,
            "count": 329
        },
        "FightAgent.Policy.LearningRate.sum": {
            "value": 0.0002994510397829868,
            "min": 0.0002994510397829868,
            "max": 0.0002998551995882668,
            "count": 329
        },
        "FightAgent.Policy.Epsilon.mean": {
            "value": 0.19981701320000003,
            "min": 0.19981701320000003,
            "max": 0.19995173318000004,
            "count": 329
        },
        "FightAgent.Policy.Epsilon.sum": {
            "value": 0.19981701320000003,
            "min": 0.19981701320000003,
            "max": 0.19995173318000004,
            "count": 329
        },
        "FightAgent.Policy.Beta.mean": {
            "value": 0.004990868958680001,
            "min": 0.004990868958680001,
            "max": 0.004997591485682,
            "count": 329
        },
        "FightAgent.Policy.Beta.sum": {
            "value": 0.004990868958680001,
            "min": 0.004990868958680001,
            "max": 0.004997591485682,
            "count": 329
        }
    },
    "metadata": {
        "timer_format_version": "0.1.0",
        "start_time_seconds": "1693346610",
        "python_version": "3.8.17 (default, Jul  5 2023, 20:44:21) [MSC v.1916 64 bit (AMD64)]",
        "command_line_arguments": "E:\\Anaconda\\Logiciel\\envs\\ml-agents-2.0.1\\Scripts\\mlagents-learn ./trainer_config_new.yaml --run-id hb_04 --resume",
        "mlagents_version": "0.30.0",
        "mlagents_envs_version": "0.30.0",
        "communication_protocol_version": "1.5.0",
        "pytorch_version": "2.0.1+cpu",
        "numpy_version": "1.21.2",
        "end_time_seconds": "1693354577"
    },
    "total": 7967.5233276,
    "count": 1,
    "self": 0.004947300000821997,
    "children": {
        "run_training.setup": {
            "total": 0.1389174000000004,
            "count": 1,
            "self": 0.1389174000000004
        },
        "TrainerController.start_learning": {
            "total": 7967.379462899999,
            "count": 1,
            "self": 9.89558370000941,
            "children": {
                "TrainerController._reset_env": {
                    "total": 11.0165484,
                    "count": 1,
                    "self": 11.0165484
                },
                "TrainerController.advance": {
                    "total": 7946.3619100999895,
                    "count": 510187,
                    "self": 4.5329884004968335,
                    "children": {
                        "env_step": {
                            "total": 7941.828921699493,
                            "count": 510187,
                            "self": 6620.180836899381,
                            "children": {
                                "SubprocessEnvManager._take_step": {
                                    "total": 1316.136962799815,
                                    "count": 510187,
                                    "self": 20.124251600034313,
                                    "children": {
                                        "TorchPolicy.evaluate": {
                                            "total": 1296.0127111997806,
                                            "count": 422371,
                                            "self": 1296.0127111997806
                                        }
                                    }
                                },
                                "workers": {
                                    "total": 5.511122000297551,
                                    "count": 510187,
                                    "self": 0.0,
                                    "children": {
                                        "worker_root": {
                                            "total": 7936.689129700341,
                                            "count": 510187,
                                            "is_parallel": true,
                                            "self": 5116.353970300251,
                                            "children": {
                                                "steps_from_proto": {
                                                    "total": 0.0006362000000006418,
                                                    "count": 1,