{
    "name": "root",
    "gauges": {
        "FightAgent.Policy.Entropy.mean": {
            "value": 2.9949100017547607,
            "min": 2.7806358337402344,
            "max": 4.682107925415039,
            "count": 7970
        },
        "FightAgent.Policy.Entropy.sum": {
            "value": 30092.85546875,
            "min": 25893.89453125,
            "max": 55472.5546875,
            "count": 7970
        },
        "FightAgent.Step.mean": {
            "value": 79699973.0,
            "min": 9996.0,
            "max": 79699973.0,
            "count": 7970
        },
        "FightAgent.Step.sum": {
            "value": 79699973.0,
            "min": 9996.0,
            "max": 79699973.0,
            "count": 7970
        },
        "FightAgent.Policy.ExtrinsicValueEstimate.mean": {
            "value": -11.880149841308594,
            "min": -42.52387619018555,
            "max": 0.02967602200806141,
            "count": 7970
        },
        "FightAgent.Policy.ExtrinsicValueEstimate.sum": {
            "value": -3587.80517578125,
            "min": -4613.203125,
            "max": 2.4037578105926514,
            "count": 7970
        },
        "FightAgent.Environment.EpisodeLength.mean": {
            "value": 32.80201342281879,
            "min": 24.367758186397985,
            "max": 789.4285714285714,
            "count": 7970
        },
        "FightAgent.Environment.EpisodeLength.sum": {
            "value": 9775.0,
            "min": 2950.0,
            "max": 14749.0,
            "count": 7970
        },
        "FightAgent.Environment.CumulativeReward.mean": {
            "value": -16.70740746508544,
            "min": -413.9714283006532,
            "max": -12.507070713422515,
            "count": 7970
        },
        "FightAgent.Environment.CumulativeReward.sum": {
            "value": -4962.100017130375,
            "min": -7534.800003170967,
            "max": -1537.1999998092651,
            "count": 7970
        },
        "FightAgent.Policy.ExtrinsicReward.mean": {
            "value": -16.70740746508544,
            "min": -413.9714283006532,
            "max": -12.507070713422515,
            "count": 7970
        },
        "FightAgent.Policy.ExtrinsicReward.sum": {
            "value": -4962.100017130375,
            "min": -7534.800003170967,
            "max": -1537.1999998092651,
            "count": 7970
        },
        "FightAgent.IsTraining.mean": {
            "value": 1.0,
            "min": 1.0,
            "max": 1.0,
            "count": 7970
        },
        "FightAgent.IsTraining.sum": {
            "value": 1.0,
            "min": 1.0,
            "max": 1.0,
            "count": 7970
        },
        "FightAgent.Losses.PolicyLoss.mean": {
            "value": 0.017611065399833023,
            "min": 0.011064939571660944,
            "max": 0.024070509402081372,
            "count": 3881
        },
        "FightAgent.Losses.PolicyLoss.sum": {
            "value": 0.017611065399833023,
            "min": 0.011064939571660944,
            "max": 0.024070509402081372,
            "count": 3881
        },
        "FightAgent.Losses.ValueLoss.mean": {
            "value": 27.158486099243163,
            "min": 8.969184846878052,
            "max": 60.5882755279541,
            "count": 3881
        },
        "FightAgent.Losses.ValueLoss.sum": {
            "value": 27.158486099243163,
            "min": 8.969184846878052,
            "max": 60.5882755279541,
            "count": 3881
        },
        "FightAgent.Policy.LearningRate.mean": {
            "value": 0.00029521907787364123,
            "min": 0.00029521907787364123,
            "max": 0.00029999876214041257,
            "count": 3881
        },
        "FightAgent.Policy.LearningRate.sum": {
            "value": 0.00029521907787364123,
            "min": 0.00029521907787364123,
            "max": 0.00029999876214041257,
            "count": 3881
        },
        "FightAgent.Policy.Epsilon.mean": {
            "value": 0.19840635876,
            "min": 0.19840635876,
            "max": 0.19999958738000004,
            "count": 3881
        },
        "FightAgent.Policy.Epsilon.sum": {
            "value": 0.19840635876,
            "min": 0.19840635876,
            "max": 0.19999958738000004,
            "count": 3881
        },
        "FightAgent.Policy.Beta.mean": {
            "value": 0.004920477302124,
            "min": 0.004920477302124,
            "max": 0.0049999794102620005,
            "count": 3881
        },
        "FightAgent.Policy.Beta.sum": {
            "value": 0.004920477302124,
            "min": 0.004920477302124,
            "max": 0.0049999794102620005,
            "count": 3881
        }
    },
    "metadata": {
        "timer_format_version": "0.1.0",
        "start_time_seconds": "1693531249",
        "python_version": "3.8.17 (default, Jul  5 2023, 20:44:21) [MSC v.1916 64 bit (AMD64)]",
        "command_line_arguments": "E:\\Anaconda\\Logiciel\\envs\\ml-agents-2.0.1\\Scripts\\mlagents-learn ./trainer_config_new.yaml --run-id hb_05",
        "mlagents_version": "0.30.0",
        "mlagents_envs_version": "0.30.0",
        "communication_protocol_version": "1.5.0",
        "pytorch_version": "2.0.1+cpu",
        "numpy_version": "1.21.2",
        "end_time_seconds": "1693624110"
    },
    "total": 92862.5954609,
    "count": 1,
    "self": 0.006048900017049164,
    "children": {
        "run_training.setup": {
            "total": 0.05985839999999998,
            "count": 1,
            "self": 0.05985839999999998
        },
        "TrainerController.start_learning": {
            "total": 92862.52955359999,
            "count": 1,
            "self": 96.60010600372334,
            "children": {
                "TrainerController._reset_env": {
                    "total": 6.4188409,
                    "count": 1,
                    "self": 6.4188409
                },
                "TrainerController.advance": {
                    "total": 92759.39845749627,
                    "count": 6240479,
                    "self": 51.738240088991006,
                    "children": {
                        "env_step": {
                            "total": 92707.66021740728,
                            "count": 6240479,
                            "self": 76910.51444063064,
                            "children": {
                                "SubprocessEnvManager._take_step": {
                                    "total": 15738.736511984442,
                                    "count": 6240479,
                                    "self": 224.83581760172274,
                                    "children": {
                                        "TorchPolicy.evaluate": {
                                            "total": 15513.900694382719,
                                            "count": 4981471,
                                            "self": 15513.900694382719
                                        }
                                    }
                                },
                                "workers": {
                                    "total": 58.409264792193085,
                                    "count": 6240479,
                                    "self": 0.0,
                                    "children": {
                                        "worker_root": {
                                            "total": 92739.75887248683,
                                            "count": 6240479,
                                            "is_parallel": true,
                                            "self": 61478.84849119815,
                                            "children": {
                                                "steps_from_proto": {
                                                    "total": 0.0007545000000002133,
                                                    "count": 1,