{"count":1,"self":4300.1757695999995,"total":92093.5347855,"children":{"InitializeActuators":{"count":5,"self":0.0010025,"total":0.0010025,"children":null},"InitializeSensors":{"count":5,"self":0.0050130999999999995,"total":0.0050130999999999995,"children":null},"AgentSendState":{"count":9438395,"self":351.5141632,"total":6556.3311263,"children":{"CollectObservations":{"count":4719200,"self":46.9769888,"total":46.9769876,"children":null},"WriteActionMask":{"count":4719200,"self":2.5267748,"total":2.5267749,"children":null},"RequestDecision":{"count":4719200,"self":12.7141256,"total":6155.3131914999994,"children":{"AgentInfo.ToProto":{"count":4719200,"self":11.164899199999999,"total":6142.5990659,"children":{"GenerateSensorData":{"count":4719200,"self":235.26648319999998,"total":6131.4341667,"children":{"RayPerceptionSensor.Perceive":{"count":4719200,"self":7.5625095999999994,"total":7.5625092999999994,"children":null},"CameraSensor.GetCompressedObservation":{"count":4719200,"self":5888.6049791999994,"total":5888.6051657,"children":null}}}}}}}}},"DecideAction":{"count":9438395,"self":80241.9048448,"total":80241.907292399992,"children":null},"AgentAct":{"count":9438395,"self":189.1183744,"total":995.1147089,"children":{"AgentInfo.ToProto":{"count":476898,"self":1.8159444,"total":805.9963345,"children":{"GenerateSensorData":{"count":476898,"self":32.761568,"total":804.18039,"children":{"RayPerceptionSensor.Perceive":{"count":476898,"self":1.1811918,"total":1.1811918,"children":null},"CameraSensor.GetCompressedObservation":{"count":476898,"self":770.2376448,"total":770.2376303,"children":null}}}}}}}},"gauges":{"FightAgent.CumulativeReward":{"count":476898,"max":0,"min":-1216.71655,"runningAverage":-2.05298615,"value":-3.44037437,"weightedAverage":-1.90699911}},"metadata":{"timer_format_version":"0.1.0","start_time_seconds":"1703110111","unity_version":"2022.3.3f1","command_line_arguments":"E:\\Unity_01\\2022.3.3f1\\Editor\\Unity.exe -projectpath E:\\GitHubRepo\\FightAI_Repo\\FightAI -useHub -hubIPC -cloudEnvironment production -licensingIpc LicenseClient-bouff -hubSessionId 4254c8b2-f1b1-4380-90da-7823f14ed9da -accessToken sJAn-HfjUQ6SPy4Q_In6igwuDZqDtGU5hGR1-56t3MQ003f","communication_protocol_version":"1.5.0","com.unity.ml-agents_version":"2.0.1","scene_name":"TestAgent","end_time_seconds":"1703202205"}}