{"count":1,"self":1173.8160128,"total":6663.2642078,"children":{"InitializeActuators":{"count":16,"self":0.0025031999999999997,"total":0.0025031999999999997,"children":null},"InitializeSensors":{"count":16,"self":0.0017471,"total":0.0017471,"children":null},"AgentSendState":{"count":2177267,"self":447.13728,"total":563.27108509999994,"children":{"CollectObservations":{"count":6967344,"self":8.6048936,"total":8.6048934,"children":null},"WriteActionMask":{"count":6967344,"self":2.9754777999999997,"total":2.9754777999999997,"children":null},"RequestDecision":{"count":6967344,"self":13.2887112,"total":104.5534496,"children":{"AgentInfo.ToProto":{"count":6967344,"self":10.519670399999999,"total":91.2647386,"children":{"GenerateSensorData":{"count":6967344,"self":58.067180799999996,"total":80.7450679,"children":{"RayPerceptionSensor.Perceive":{"count":13934688,"self":22.677888,"total":22.677888199999998,"children":null}}}}}}}}},"DecideAction":{"count":2177267,"self":4842.4648704,"total":4842.4647114,"children":null},"AgentAct":{"count":2177267,"self":82.954035199999993,"total":82.9816977,"children":{"AgentInfo.ToProto":{"count":896,"self":0.0048803,"total":0.0276619,"children":{"GenerateSensorData":{"count":896,"self":0.0167638,"total":0.0227816,"children":{"RayPerceptionSensor.Perceive":{"count":1792,"self":0.0060177999999999994,"total":0.0060177999999999994,"children":null}}}}}}},"AgentInfo.ToProto":{"count":35099,"self":0.13350599999999999,"total":0.7264255,"children":{"GenerateSensorData":{"count":35099,"self":0.43801029999999996,"total":0.59291949999999993,"children":{"RayPerceptionSensor.Perceive":{"count":70198,"self":0.1549092,"total":0.1549092,"children":null}}}}}},"gauges":{"FightAgent.CumulativeReward":{"count":35995,"max":0.9,"min":-763.562256,"runningAverage":-99.16321,"value":-34.6000137,"weightedAverage":-63.89431}},"metadata":{"timer_format_version":"0.1.0","start_time_seconds":"1693699076","unity_version":"2022.3.3f1","command_line_arguments":"E:\\Unity_01\\2022.3.3f1\\Editor\\Unity.exe -projectpath E:\\Projects\\FightingAI -useHub -hubIPC -cloudEnvironment production -licensingIpc LicenseClient-bouff -hubSessionId 3ca10c97-3e6f-42e5-b001-a489a46d7358 -accessToken 2sVm6AJrH8ad-i5KTlp3ZIEwMbo6_GSThLMTS2fvuYI003f","communication_protocol_version":"1.5.0","com.unity.ml-agents_version":"2.0.1","scene_name":"TestAgent","end_time_seconds":"1693705739"}}