{"count":1,"self":501.69395199999997,"total":1890.0184378,"children":{"InitializeActuators":{"count":8,"self":0.0015042,"total":0.0015042,"children":null},"InitializeSensors":{"count":8,"self":0.0015034999999999998,"total":0.0015034999999999998,"children":null},"AgentSendState":{"count":997001,"self":71.9184192,"total":104.2160071,"children":{"CollectObservations":{"count":1595208,"self":12.3861016,"total":12.386101799999999,"children":null},"WriteActionMask":{"count":1595208,"self":0.6803399,"total":0.6803399,"children":null},"RequestDecision":{"count":1595208,"self":2.9392366,"total":19.2311472,"children":{"AgentInfo.ToProto":{"count":1595208,"self":2.4965148,"total":16.291910599999998,"children":{"GenerateSensorData":{"count":1595208,"self":10.6025016,"total":13.7953958,"children":{"RayPerceptionSensor.Perceive":{"count":1595208,"self":3.1928943999999997,"total":3.1928943,"children":null}}}}}}}}},"DecideAction":{"count":997001,"self":1256.6913024,"total":1256.691257,"children":null},"AgentAct":{"count":997001,"self":27.345039999999997,"total":27.4141914,"children":{"AgentInfo.ToProto":{"count":4810,"self":0.0100248,"total":0.069150099999999992,"children":{"GenerateSensorData":{"count":4810,"self":0.049379,"total":0.0591253,"children":{"RayPerceptionSensor.Perceive":{"count":4810,"self":0.0097463,"total":0.0097463,"children":null}}}}}}}},"gauges":{"FightAgent.CumulativeReward":{"count":4810,"max":0,"min":-1.05,"runningAverage":-0.41811797,"value":0,"weightedAverage":-0.00354314642}},"metadata":{"timer_format_version":"0.1.0","start_time_seconds":"1701225684","unity_version":"2022.3.3f1","command_line_arguments":"E:\\Unity_01\\2022.3.3f1\\Editor\\Unity.exe -projectpath E:\\GitHubRepo\\FightAI_Repo\\FightAI -useHub -hubIPC -cloudEnvironment production -licensingIpc LicenseClient-bouff -hubSessionId 1a749bbe-40ca-4c16-bf68-799555c68177 -accessToken I13TebN9REi8tHGf7ciloUAgB5C_MdpXk1qpM5NCcDY003f","communication_protocol_version":"1.5.0","com.unity.ml-agents_version":"2.0.1","scene_name":"TestAgent","end_time_seconds":"1701227573"}}