{"count":1,"self":30.747878399999998,"total":30.804074699999997,"children":{"InitializeActuators":{"count":2,"self":0.001011,"total":0.001011,"children":null},"InitializeSensors":{"count":2,"self":0.0015069999999999999,"total":0.0015069999999999999,"children":null},"AgentSendState":{"count":1290,"self":0.029740199999999998,"total":0.0367619,"children":{"CollectObservations":{"count":516,"self":0.0015023999999999999,"total":0.0015023999999999999,"children":null},"WriteActionMask":{"count":516,"self":0,"total":0,"children":null},"RequestDecision":{"count":516,"self":0.0030118,"total":0.0055192999999999996,"children":{"RayPerceptionSensor.Perceive":{"count":1032,"self":0.0025074999999999997,"total":0.0025074999999999997,"children":null}}}}},"DecideAction":{"count":1290,"self":0.0046305,"total":0.0046305,"children":null},"AgentAct":{"count":1290,"self":0.011779999999999999,"total":0.011779999999999999,"children":{"RayPerceptionSensor.Perceive":{"count":12,"self":0,"total":0,"children":null}}}},"gauges":{"FightAgent.CumulativeReward":{"count":6,"max":-38.39999,"min":-73.5000458,"runningAverage":-53.2999763,"value":-73.5000458,"weightedAverage":-56.7468567}},"metadata":{"timer_format_version":"0.1.0","start_time_seconds":"1697675692","unity_version":"2022.3.3f1","command_line_arguments":"E:\\Unity_01\\2022.3.3f1\\Editor\\Unity.exe -projectpath E:\\GitHubRepo\\FightAI_Repo\\FightAI -useHub -hubIPC -cloudEnvironment production -licensingIpc LicenseClient-bouff -hubSessionId 788acdb0-d541-4b32-8518-30bf57b9b1c0 -accessToken PukdNcwnbK0soFOl_nMhLYuUk5f7PKrgWyO40tvcbj8003f","communication_protocol_version":"1.5.0","com.unity.ml-agents_version":"2.0.1","scene_name":"TestAgent","end_time_seconds":"1697675723"}}