{"count":1,"self":1413.9056128,"total":9046.458023,"children":{"InitializeActuators":{"count":32,"self":0.006924,"total":0.006924,"children":null},"InitializeSensors":{"count":32,"self":0.006918,"total":0.006918,"children":null},"AgentSendState":{"count":1512267,"self":893.351424,"total":1110.5029729999999,"children":{"CollectObservations":{"count":9678752,"self":20.1601504,"total":20.160149999999998,"children":null},"WriteActionMask":{"count":9678752,"self":5.033142,"total":5.033142,"children":null},"RequestDecision":{"count":9678752,"self":22.041049599999997,"total":191.95824399999998,"children":{"AgentInfo.ToProto":{"count":9678752,"self":18.4685888,"total":169.917195,"children":{"GenerateSensorData":{"count":9678752,"self":106.38790399999999,"total":151.44860599999998,"children":{"RayPerceptionSensor.Perceive":{"count":19357504,"self":45.0607008,"total":45.060700999999995,"children":null}}}}}}}}},"DecideAction":{"count":1512267,"self":6364.7154175999995,"total":6364.715525,"children":null},"AgentAct":{"count":1512267,"self":155.54589439999998,"total":155.59298099999998,"children":{"AgentInfo.ToProto":{"count":1274,"self":0.0070469999999999994,"total":0.04709,"children":{"GenerateSensorData":{"count":1274,"self":0.030483999999999997,"total":0.040042999999999995,"children":{"RayPerceptionSensor.Perceive":{"count":2548,"self":0.009559,"total":0.009559,"children":null}}}}}}},"AgentInfo.ToProto":{"count":46029,"self":0.295508,"total":1.723935,"children":{"GenerateSensorData":{"count":46029,"self":1.086211,"total":1.428427,"children":{"RayPerceptionSensor.Perceive":{"count":92058,"self":0.34221599999999996,"total":0.34221599999999996,"children":null}}}}}},"gauges":{"FightAgent.CumulativeReward":{"count":47303,"max":0.9,"min":-1538.02771,"runningAverage":-156.949356,"value":-35.70004,"weightedAverage":-113.037392}},"metadata":{"timer_format_version":"0.1.0","start_time_seconds":"1693768152","unity_version":"2022.3.3f1","command_line_arguments":"\/Users\/justinbouffard\/Documents\/Jeu\/2022.3.3f1\/Unity.app\/Contents\/MacOS\/Unity -projectpath \/Users\/justinbouffard\/Documents\/FightAI -useHub -hubIPC -cloudEnvironment production -licensingIpc LicenseClient-justinbouffard -hubSessionId 9e903b53-0e11-4279-b91e-76db63dce17f","communication_protocol_version":"1.5.0","com.unity.ml-agents_version":"2.0.1","scene_name":"TestAgent","end_time_seconds":"1693777199"}}