{"count":1,"self":1508.687872,"total":10538.0063415,"children":{"InitializeActuators":{"count":32,"self":0.0010119,"total":0.0010119,"children":null},"InitializeSensors":{"count":32,"self":0.0025331999999999998,"total":0.0025331999999999998,"children":null},"AgentSendState":{"count":2153334,"self":883.182592,"total":1108.5613609,"children":{"CollectObservations":{"count":13781696,"self":16.6367072,"total":16.636707899999998,"children":null},"WriteActionMask":{"count":13781696,"self":5.9743292,"total":5.9743293,"children":null},"RequestDecision":{"count":13781696,"self":25.500928,"total":202.7677191,"children":{"AgentInfo.ToProto":{"count":13781696,"self":19.7357504,"total":177.2667917,"children":{"GenerateSensorData":{"count":13781696,"self":113.9440384,"total":157.53104199999999,"children":{"RayPerceptionSensor.Perceive":{"count":27563392,"self":43.5870016,"total":43.5870009,"children":null}}}}}}}}},"DecideAction":{"count":2153334,"self":7776.9129983999992,"total":7776.9126141,"children":null},"AgentAct":{"count":2153334,"self":141.1475328,"total":141.1500643,"children":{"AgentInfo.ToProto":{"count":81,"self":0.0010136,"total":0.0025321,"children":{"GenerateSensorData":{"count":81,"self":0.0015184999999999999,"total":0.0015184999999999999,"children":{"RayPerceptionSensor.Perceive":{"count":162,"self":0,"total":0,"children":null}}}}}}},"AgentInfo.ToProto":{"count":136701,"self":0.5218378,"total":2.6903674,"children":{"GenerateSensorData":{"count":136701,"self":1.6300321999999998,"total":2.1685296,"children":{"RayPerceptionSensor.Perceive":{"count":273402,"self":0.5384974,"total":0.5384974,"children":null}}}}}},"gauges":{"FightAgent.CumulativeReward":{"count":136782,"max":0.9,"min":-1142.85938,"runningAverage":-103.934853,"value":-48.099968,"weightedAverage":-44.6559372}},"metadata":{"timer_format_version":"0.1.0","start_time_seconds":"1693750409","unity_version":"2022.3.3f1","command_line_arguments":"E:\\Unity_01\\2022.3.3f1\\Editor\\Unity.exe -projectpath E:\\FightAI_Repo\\FightAI -useHub -hubIPC -cloudEnvironment production -licensingIpc LicenseClient-bouff -hubSessionId 3ca10c97-3e6f-42e5-b001-a489a46d7358 -accessToken M6nEdqw2tt7i6pVYnp0qsY1SWT3EOqyaRwYeNAY18iU003f","communication_protocol_version":"1.5.0","com.unity.ml-agents_version":"2.0.1","scene_name":"TestAgent","end_time_seconds":"1693760946"}}