{
    "name": "root",
    "metadata": {
        "timer_format_version": "0.1.0",
        "start_time_seconds": "1693768144",
        "python_version": "3.6.13 |Anaconda, Inc.| (default, Feb 23 2021, 12:58:59) \n[GCC Clang 10.0.0 ]",
        "command_line_arguments": "/Users/justinbouffard/anaconda3/envs/mlagents/bin/mlagents-learn ./trainer_config_new.yaml --run-id SelfPlay",
        "mlagents_version": "0.28.0",
        "mlagents_envs_version": "0.28.0",
        "communication_protocol_version": "1.5.0",
        "pytorch_version": "1.8.1",
        "numpy_version": "1.19.5",
        "end_time_seconds": "1693777259"
    },
    "total": 9114.354916832992,
    "count": 1,
    "self": 0.00682012498145923,
    "children": {
        "run_training.setup": {
            "total": 0.013326875021448359,
            "count": 1,
            "self": 0.013326875021448359
        },
        "TrainerController.start_learning": {
            "total": 9114.334769832989,
            "count": 1,
            "self": 6.193644579529064,
            "children": {
                "TrainerController._reset_env": {
                    "total": 9.40458662295714,
                    "count": 10,
                    "self": 9.40458662295714
                },
                "TrainerController.advance": {
                    "total": 9098.481983422505,
                    "count": 336381,
                    "self": 2.718855751794763,
                    "children": {
                        "env_step": {
                            "total": 9095.76312767071,
                            "count": 336381,
                            "self": 7210.425767398905,
                            "children": {
                                "SubprocessEnvManager._take_step": {
                                    "total": 1881.9867922119156,
                                    "count": 336381,
                                    "self": 22.48091548337834,
                                    "children": {
                                        "TorchPolicy.evaluate": {
                                            "total": 1859.5058767285373,
                                            "count": 604898,
                                            "self": 182.13406568972277,
                                            "children": {
                                                "TorchPolicy.sample_actions": {
                                                    "total": 1677.3718110388145,
                                                    "count": 604898,
                                                    "self": 1677.3718110388145
                                                }
                                            }
                                        }
                                    }
                                },
                                "workers": {
                                    "total": 3.3505680598900653,
                                    "count": 336380,
                                    "self": 0.0,
                                    "children": {
                                        "worker_root": {
                                            "total": 9031.592212375603,
                                            "count": 336380,
                                            "is_parallel": true,
                                            "self": 4885.609652889223,
                                            "children": {
                                                "run_training.setup": {
                                                    "total": 0.0,
                                                    "count": 0,
                                                    "is_parallel": true,
                                                    "self": 0.0,
                                                    "children": {
                                                        "steps_from_proto": {
                                                            "total": 0.009619208984076977,
                                                            "count": 2,
                                                            "is_parallel": true,
                                                            "self": 0.0011112099164165556,
                                                            "children": {
                                                                "_process_rank_one_or_two_observation": {
                                                                    "total": 0.008507999067660421,
                                                                    "count": 12,
                                                                    "is_parallel": true,
                                                                    "self": 0.008507999067660421
                                                                }
                                                            }
                                                        },
                                                        "UnityEnvironment.step": {
                                                            "total": 0.07791187497787178,
                                                            "count": 1,
                                                            "is_parallel": true,
                                                            "self": 0.00046641696826554835,
                                                            "children": {
                                                                "UnityEnvironment._generate_step_input": {
                                                                    "total": 0.0006968750094529241,
                                                                    "count": 1,
                                                                    "is_parallel": true,
                                                                    "self": 0.0006968750094529241
                                                                },
                                                                "communicator.exchange": {
                                                                    "total": 0.07499983301386237,
                                                                    "count": 1,
                                                                    "is_parallel": true,
                                                                    "self": 0.07499983301386237
                                                                },
                                                                "steps_from_proto": {
                                                                    "total": 0.0017487499862909317,
                                                                    "count": 2,
                                                                    "is_parallel": true,
                                                                    "self": 0.0003124989743810147,
                                                                    "children": {
                                                                        "_process_rank_one_or_two_observation": {
                                                                            "total": 0.001436251011909917,
                                                                            "count": 12,
                                                                            "is_parallel": true,